image_path,source_image
data/images/0000_samoyed_64.jpg,samoyed_64.jpg
data/images/0001_yorkshire_terrier_21.jpg,yorkshire_terrier_21.jpg
data/images/0002_shiba_inu_143.jpg,shiba_inu_143.jpg
data/images/0003_pomeranian_86.jpg,pomeranian_86.jpg
data/images/0004_boxer_85.jpg,boxer_85.jpg
data/images/0005_Birman_17.jpg,Birman_17.jpg
data/images/0006_beagle_64.jpg,beagle_64.jpg
data/images/0007_german_shorthaired_182.jpg,german_shorthaired_182.jpg
data/images/0008_staffordshire_bull_terrier_194.jpg,staffordshire_bull_terrier_194.jpg
data/images/0009_Egyptian_Mau_218.jpg,Egyptian_Mau_218.jpg
data/images/0010_wheaten_terrier_92.jpg,wheaten_terrier_92.jpg
data/images/0011_basset_hound_115.jpg,basset_hound_115.jpg
data/images/0012_chihuahua_152.jpg,chihuahua_152.jpg
data/images/0013_Siamese_18.jpg,Siamese_18.jpg
data/images/0014_beagle_196.jpg,beagle_196.jpg
data/images/0015_Bengal_120.jpg,Bengal_120.jpg
data/images/0016_newfoundland_6.jpg,newfoundland_6.jpg
data/images/0017_english_cocker_spaniel_95.jpg,english_cocker_spaniel_95.jpg
data/images/0018_Siamese_34.jpg,Siamese_34.jpg
data/images/0019_havanese_7.jpg,havanese_7.jpg
data/images/0020_samoyed_174.jpg,samoyed_174.jpg
data/images/0021_american_bulldog_59.jpg,american_bulldog_59.jpg
data/images/0022_english_cocker_spaniel_139.jpg,english_cocker_spaniel_139.jpg
data/images/0023_havanese_54.jpg,havanese_54.jpg
data/images/0024_chihuahua_191.jpg,chihuahua_191.jpg
data/images/0025_saint_bernard_197.jpg,saint_bernard_197.jpg
data/images/0026_japanese_chin_110.jpg,japanese_chin_110.jpg
data/images/0027_pug_169.jpg,pug_169.jpg
data/images/0028_basset_hound_22.jpg,basset_hound_22.jpg
data/images/0029_British_Shorthair_92.jpg,British_Shorthair_92.jpg
data/images/0030_Siamese_179.jpg,Siamese_179.jpg
data/images/0031_miniature_pinscher_24.jpg,miniature_pinscher_24.jpg
data/images/0032_german_shorthaired_155.jpg,german_shorthaired_155.jpg
data/images/0033_Siamese_43.jpg,Siamese_43.jpg
data/images/0034_basset_hound_138.jpg,basset_hound_138.jpg
data/images/0035_basset_hound_141.jpg,basset_hound_141.jpg
data/images/0036_american_bulldog_205.jpg,american_bulldog_205.jpg
data/images/0037_shiba_inu_161.jpg,shiba_inu_161.jpg
data/images/0038_newfoundland_39.jpg,newfoundland_39.jpg
data/images/0039_scottish_terrier_122.jpg,scottish_terrier_122.jpg
data/images/0040_staffordshire_bull_terrier_191.jpg,staffordshire_bull_terrier_191.jpg
data/images/0041_saint_bernard_173.jpg,saint_bernard_173.jpg
data/images/0042_Sphynx_232.jpg,Sphynx_232.jpg
data/images/0043_Siamese_120.jpg,Siamese_120.jpg
data/images/0044_newfoundland_97.jpg,newfoundland_97.jpg
data/images/0045_Ragdoll_224.jpg,Ragdoll_224.jpg
data/images/0046_Abyssinian_132.jpg,Abyssinian_132.jpg
data/images/0047_chihuahua_174.jpg,chihuahua_174.jpg
data/images/0048_Egyptian_Mau_51.jpg,Egyptian_Mau_51.jpg
data/images/0049_basset_hound_131.jpg,basset_hound_131.jpg
data/images/0050_Egyptian_Mau_134.jpg,Egyptian_Mau_134.jpg
data/images/0051_german_shorthaired_187.jpg,german_shorthaired_187.jpg
data/images/0052_great_pyrenees_61.jpg,great_pyrenees_61.jpg
data/images/0053_havanese_13.jpg,havanese_13.jpg
data/images/0054_Ragdoll_77.jpg,Ragdoll_77.jpg
data/images/0055_newfoundland_121.jpg,newfoundland_121.jpg
data/images/0056_Ragdoll_160.jpg,Ragdoll_160.jpg
data/images/0057_japanese_chin_64.jpg,japanese_chin_64.jpg
data/images/0058_beagle_107.jpg,beagle_107.jpg
data/images/0059_British_Shorthair_60.jpg,British_Shorthair_60.jpg
data/images/0060_boxer_16.jpg,boxer_16.jpg
data/images/0061_Birman_169.jpg,Birman_169.jpg
data/images/0062_english_cocker_spaniel_183.jpg,english_cocker_spaniel_183.jpg
data/images/0063_Bengal_54.jpg,Bengal_54.jpg
data/images/0064_english_setter_197.jpg,english_setter_197.jpg
data/images/0065_chihuahua_78.jpg,chihuahua_78.jpg
data/images/0066_Siamese_33.jpg,Siamese_33.jpg
data/images/0067_scottish_terrier_99.jpg,scottish_terrier_99.jpg
data/images/0068_basset_hound_76.jpg,basset_hound_76.jpg
data/images/0069_Abyssinian_201.jpg,Abyssinian_201.jpg
data/images/0070_Russian_Blue_119.jpg,Russian_Blue_119.jpg
data/images/0071_Siamese_51.jpg,Siamese_51.jpg
data/images/0072_miniature_pinscher_37.jpg,miniature_pinscher_37.jpg
data/images/0073_scottish_terrier_97.jpg,scottish_terrier_97.jpg
data/images/0074_keeshond_165.jpg,keeshond_165.jpg
data/images/0075_pug_20.jpg,pug_20.jpg
data/images/0076_chihuahua_179.jpg,chihuahua_179.jpg
data/images/0077_British_Shorthair_212.jpg,British_Shorthair_212.jpg
data/images/0078_Bombay_188.jpg,Bombay_188.jpg
data/images/0079_wheaten_terrier_163.jpg,wheaten_terrier_163.jpg
data/images/0080_english_setter_79.jpg,english_setter_79.jpg
data/images/0081_keeshond_91.jpg,keeshond_91.jpg
data/images/0082_american_pit_bull_terrier_192.jpg,american_pit_bull_terrier_192.jpg
data/images/0083_chihuahua_175.jpg,chihuahua_175.jpg
data/images/0084_beagle_31.jpg,beagle_31.jpg
data/images/0085_Egyptian_Mau_109.jpg,Egyptian_Mau_109.jpg
data/images/0086_american_pit_bull_terrier_42.jpg,american_pit_bull_terrier_42.jpg
data/images/0087_great_pyrenees_126.jpg,great_pyrenees_126.jpg
data/images/0088_japanese_chin_122.jpg,japanese_chin_122.jpg
data/images/0089_beagle_93.jpg,beagle_93.jpg
data/images/0090_Ragdoll_100.jpg,Ragdoll_100.jpg
data/images/0091_miniature_pinscher_78.jpg,miniature_pinscher_78.jpg
data/images/0092_staffordshire_bull_terrier_105.jpg,staffordshire_bull_terrier_105.jpg
data/images/0093_Egyptian_Mau_173.jpg,Egyptian_Mau_173.jpg
data/images/0094_scottish_terrier_174.jpg,scottish_terrier_174.jpg
data/images/0095_Siamese_130.jpg,Siamese_130.jpg
data/images/0096_keeshond_17.jpg,keeshond_17.jpg
data/images/0097_Bengal_94.jpg,Bengal_94.jpg
data/images/0098_Bombay_34.jpg,Bombay_34.jpg
data/images/0099_Bengal_79.jpg,Bengal_79.jpg
data/images/0100_boxer_54.jpg,boxer_54.jpg
data/images/0101_german_shorthaired_64.jpg,german_shorthaired_64.jpg
data/images/0102_Abyssinian_136.jpg,Abyssinian_136.jpg
data/images/0103_yorkshire_terrier_147.jpg,yorkshire_terrier_147.jpg
data/images/0104_Ragdoll_191.jpg,Ragdoll_191.jpg
data/images/0105_Abyssinian_51.jpg,Abyssinian_51.jpg
data/images/0106_german_shorthaired_163.jpg,german_shorthaired_163.jpg
data/images/0107_pomeranian_197.jpg,pomeranian_197.jpg
data/images/0108_american_pit_bull_terrier_52.jpg,american_pit_bull_terrier_52.jpg
data/images/0109_Siamese_82.jpg,Siamese_82.jpg
data/images/0110_samoyed_162.jpg,samoyed_162.jpg
data/images/0111_pomeranian_196.jpg,pomeranian_196.jpg
data/images/0112_german_shorthaired_42.jpg,german_shorthaired_42.jpg
data/images/0113_Bombay_10.jpg,Bombay_10.jpg
data/images/0114_Ragdoll_165.jpg,Ragdoll_165.jpg
data/images/0115_german_shorthaired_67.jpg,german_shorthaired_67.jpg
data/images/0116_Maine_Coon_161.jpg,Maine_Coon_161.jpg
data/images/0117_Bengal_39.jpg,Bengal_39.jpg
data/images/0118_boxer_67.jpg,boxer_67.jpg
data/images/0119_japanese_chin_93.jpg,japanese_chin_93.jpg
data/images/0120_english_setter_20.jpg,english_setter_20.jpg
data/images/0121_Bombay_179.jpg,Bombay_179.jpg
data/images/0122_Russian_Blue_150.jpg,Russian_Blue_150.jpg
data/images/0123_Bombay_23.jpg,Bombay_23.jpg
data/images/0124_saint_bernard_162.jpg,saint_bernard_162.jpg
data/images/0125_great_pyrenees_107.jpg,great_pyrenees_107.jpg
data/images/0126_Birman_7.jpg,Birman_7.jpg
data/images/0127_British_Shorthair_9.jpg,British_Shorthair_9.jpg
data/images/0128_Bombay_80.jpg,Bombay_80.jpg
data/images/0129_beagle_195.jpg,beagle_195.jpg
data/images/0130_Bombay_115.jpg,Bombay_115.jpg
data/images/0131_boxer_193.jpg,boxer_193.jpg
data/images/0132_pug_133.jpg,pug_133.jpg
data/images/0133_Abyssinian_78.jpg,Abyssinian_78.jpg
data/images/0134_american_pit_bull_terrier_72.jpg,american_pit_bull_terrier_72.jpg
data/images/0135_Bombay_217.jpg,Bombay_217.jpg
data/images/0136_leonberger_158.jpg,leonberger_158.jpg
data/images/0137_Bombay_137.jpg,Bombay_137.jpg
data/images/0138_american_pit_bull_terrier_106.jpg,american_pit_bull_terrier_106.jpg
data/images/0139_newfoundland_55.jpg,newfoundland_55.jpg
data/images/0140_Ragdoll_195.jpg,Ragdoll_195.jpg
data/images/0141_Ragdoll_171.jpg,Ragdoll_171.jpg
data/images/0142_staffordshire_bull_terrier_72.jpg,staffordshire_bull_terrier_72.jpg
data/images/0143_wheaten_terrier_108.jpg,wheaten_terrier_108.jpg
data/images/0144_american_bulldog_26.jpg,american_bulldog_26.jpg
data/images/0145_Siamese_231.jpg,Siamese_231.jpg
data/images/0146_Siamese_80.jpg,Siamese_80.jpg
data/images/0147_British_Shorthair_75.jpg,British_Shorthair_75.jpg
data/images/0148_great_pyrenees_146.jpg,great_pyrenees_146.jpg
data/images/0149_Egyptian_Mau_100.jpg,Egyptian_Mau_100.jpg
data/images/0150_Ragdoll_138.jpg,Ragdoll_138.jpg
data/images/0151_wheaten_terrier_121.jpg,wheaten_terrier_121.jpg
data/images/0152_wheaten_terrier_151.jpg,wheaten_terrier_151.jpg
data/images/0153_yorkshire_terrier_196.jpg,yorkshire_terrier_196.jpg
data/images/0154_wheaten_terrier_136.jpg,wheaten_terrier_136.jpg
data/images/0155_american_bulldog_209.jpg,american_bulldog_209.jpg
data/images/0156_Ragdoll_56.jpg,Ragdoll_56.jpg
data/images/0157_beagle_96.jpg,beagle_96.jpg
data/images/0158_english_cocker_spaniel_159.jpg,english_cocker_spaniel_159.jpg
data/images/0159_Abyssinian_196.jpg,Abyssinian_196.jpg
data/images/0160_Abyssinian_123.jpg,Abyssinian_123.jpg
data/images/0161_shiba_inu_181.jpg,shiba_inu_181.jpg
data/images/0162_boxer_139.jpg,boxer_139.jpg
data/images/0163_havanese_80.jpg,havanese_80.jpg
data/images/0164_american_bulldog_122.jpg,american_bulldog_122.jpg
data/images/0165_american_bulldog_96.jpg,american_bulldog_96.jpg
data/images/0166_havanese_21.jpg,havanese_21.jpg
data/images/0167_boxer_169.jpg,boxer_169.jpg
data/images/0168_saint_bernard_161.jpg,saint_bernard_161.jpg
data/images/0169_Bombay_151.jpg,Bombay_151.jpg
data/images/0170_Maine_Coon_64.jpg,Maine_Coon_64.jpg
data/images/0171_samoyed_103.jpg,samoyed_103.jpg
data/images/0172_pug_69.jpg,pug_69.jpg
data/images/0173_British_Shorthair_55.jpg,British_Shorthair_55.jpg
data/images/0174_Egyptian_Mau_77.jpg,Egyptian_Mau_77.jpg
data/images/0175_american_pit_bull_terrier_170.jpg,american_pit_bull_terrier_170.jpg
data/images/0176_basset_hound_44.jpg,basset_hound_44.jpg
data/images/0177_newfoundland_70.jpg,newfoundland_70.jpg
data/images/0178_Sphynx_78.jpg,Sphynx_78.jpg
data/images/0179_keeshond_129.jpg,keeshond_129.jpg
data/images/0180_scottish_terrier_151.jpg,scottish_terrier_151.jpg
data/images/0181_Bombay_5.jpg,Bombay_5.jpg
data/images/0182_Birman_11.jpg,Birman_11.jpg
data/images/0183_wheaten_terrier_148.jpg,wheaten_terrier_148.jpg
data/images/0184_american_pit_bull_terrier_202.jpg,american_pit_bull_terrier_202.jpg
data/images/0185_leonberger_94.jpg,leonberger_94.jpg
data/images/0186_german_shorthaired_71.jpg,german_shorthaired_71.jpg
data/images/0187_Maine_Coon_213.jpg,Maine_Coon_213.jpg
data/images/0188_wheaten_terrier_53.jpg,wheaten_terrier_53.jpg
data/images/0189_english_cocker_spaniel_37.jpg,english_cocker_spaniel_37.jpg
data/images/0190_Egyptian_Mau_136.jpg,Egyptian_Mau_136.jpg
data/images/0191_Ragdoll_161.jpg,Ragdoll_161.jpg
data/images/0192_Persian_115.jpg,Persian_115.jpg
data/images/0193_pomeranian_20.jpg,pomeranian_20.jpg
data/images/0194_Maine_Coon_187.jpg,Maine_Coon_187.jpg
data/images/0195_english_setter_142.jpg,english_setter_142.jpg
data/images/0196_american_bulldog_93.jpg,american_bulldog_93.jpg
data/images/0197_great_pyrenees_34.jpg,great_pyrenees_34.jpg
data/images/0198_Abyssinian_165.jpg,Abyssinian_165.jpg
data/images/0199_american_pit_bull_terrier_163.jpg,american_pit_bull_terrier_163.jpg
data/images/0200_wheaten_terrier_155.jpg,wheaten_terrier_155.jpg
data/images/0201_British_Shorthair_159.jpg,British_Shorthair_159.jpg
data/images/0202_shiba_inu_82.jpg,shiba_inu_82.jpg
data/images/0203_samoyed_110.jpg,samoyed_110.jpg
data/images/0204_Ragdoll_69.jpg,Ragdoll_69.jpg
data/images/0205_keeshond_121.jpg,keeshond_121.jpg
data/images/0206_saint_bernard_147.jpg,saint_bernard_147.jpg
data/images/0207_pomeranian_154.jpg,pomeranian_154.jpg
data/images/0208_Egyptian_Mau_164.jpg,Egyptian_Mau_164.jpg
data/images/0209_newfoundland_122.jpg,newfoundland_122.jpg
data/images/0210_boxer_11.jpg,boxer_11.jpg
data/images/0211_pug_143.jpg,pug_143.jpg
data/images/0212_wheaten_terrier_96.jpg,wheaten_terrier_96.jpg
data/images/0213_american_bulldog_52.jpg,american_bulldog_52.jpg
data/images/0214_Persian_258.jpg,Persian_258.jpg
data/images/0215_British_Shorthair_241.jpg,British_Shorthair_241.jpg
data/images/0216_Ragdoll_156.jpg,Ragdoll_156.jpg
data/images/0217_Abyssinian_18.jpg,Abyssinian_18.jpg
data/images/0218_Sphynx_240.jpg,Sphynx_240.jpg
data/images/0219_chihuahua_100.jpg,chihuahua_100.jpg
data/images/0220_wheaten_terrier_111.jpg,wheaten_terrier_111.jpg
data/images/0221_havanese_188.jpg,havanese_188.jpg
data/images/0222_British_Shorthair_176.jpg,British_Shorthair_176.jpg
data/images/0223_yorkshire_terrier_82.jpg,yorkshire_terrier_82.jpg
data/images/0224_havanese_111.jpg,havanese_111.jpg
data/images/0225_staffordshire_bull_terrier_55.jpg,staffordshire_bull_terrier_55.jpg
data/images/0226_basset_hound_183.jpg,basset_hound_183.jpg
data/images/0227_newfoundland_199.jpg,newfoundland_199.jpg
data/images/0228_scottish_terrier_20.jpg,scottish_terrier_20.jpg
data/images/0229_staffordshire_bull_terrier_200.jpg,staffordshire_bull_terrier_200.jpg
data/images/0230_great_pyrenees_30.jpg,great_pyrenees_30.jpg
data/images/0231_boxer_56.jpg,boxer_56.jpg
data/images/0232_american_bulldog_89.jpg,american_bulldog_89.jpg
data/images/0233_Sphynx_199.jpg,Sphynx_199.jpg
data/images/0234_Russian_Blue_203.jpg,Russian_Blue_203.jpg
data/images/0235_Bengal_174.jpg,Bengal_174.jpg
data/images/0236_shiba_inu_41.jpg,shiba_inu_41.jpg
data/images/0237_miniature_pinscher_99.jpg,miniature_pinscher_99.jpg
data/images/0238_beagle_161.jpg,beagle_161.jpg
data/images/0239_samoyed_25.jpg,samoyed_25.jpg
data/images/0240_german_shorthaired_185.jpg,german_shorthaired_185.jpg
data/images/0241_Sphynx_1.jpg,Sphynx_1.jpg
data/images/0242_Persian_63.jpg,Persian_63.jpg
data/images/0243_japanese_chin_165.jpg,japanese_chin_165.jpg
data/images/0244_leonberger_51.jpg,leonberger_51.jpg
data/images/0245_Bombay_112.jpg,Bombay_112.jpg
data/images/0246_american_bulldog_126.jpg,american_bulldog_126.jpg
data/images/0247_Egyptian_Mau_221.jpg,Egyptian_Mau_221.jpg
data/images/0248_english_cocker_spaniel_41.jpg,english_cocker_spaniel_41.jpg
data/images/0249_pug_98.jpg,pug_98.jpg
data/images/0250_japanese_chin_53.jpg,japanese_chin_53.jpg
data/images/0251_boxer_41.jpg,boxer_41.jpg
data/images/0252_havanese_70.jpg,havanese_70.jpg
data/images/0253_havanese_5.jpg,havanese_5.jpg
data/images/0254_samoyed_68.jpg,samoyed_68.jpg
data/images/0255_chihuahua_110.jpg,chihuahua_110.jpg
data/images/0256_wheaten_terrier_89.jpg,wheaten_terrier_89.jpg
data/images/0257_leonberger_39.jpg,leonberger_39.jpg
data/images/0258_shiba_inu_27.jpg,shiba_inu_27.jpg
data/images/0259_Siamese_60.jpg,Siamese_60.jpg
data/images/0260_leonberger_65.jpg,leonberger_65.jpg
data/images/0261_Abyssinian_91.jpg,Abyssinian_91.jpg
data/images/0262_pomeranian_21.jpg,pomeranian_21.jpg
data/images/0263_Egyptian_Mau_150.jpg,Egyptian_Mau_150.jpg
data/images/0264_Ragdoll_164.jpg,Ragdoll_164.jpg
data/images/0265_japanese_chin_14.jpg,japanese_chin_14.jpg
data/images/0266_Siamese_152.jpg,Siamese_152.jpg
data/images/0267_Birman_92.jpg,Birman_92.jpg
data/images/0268_beagle_143.jpg,beagle_143.jpg
data/images/0269_staffordshire_bull_terrier_40.jpg,staffordshire_bull_terrier_40.jpg
data/images/0270_keeshond_167.jpg,keeshond_167.jpg
data/images/0271_leonberger_102.jpg,leonberger_102.jpg
data/images/0272_german_shorthaired_136.jpg,german_shorthaired_136.jpg
data/images/0273_Abyssinian_4.jpg,Abyssinian_4.jpg
data/images/0274_havanese_163.jpg,havanese_163.jpg
data/images/0275_Sphynx_203.jpg,Sphynx_203.jpg
data/images/0276_Siamese_205.jpg,Siamese_205.jpg
data/images/0277_Abyssinian_153.jpg,Abyssinian_153.jpg
data/images/0278_american_pit_bull_terrier_121.jpg,american_pit_bull_terrier_121.jpg
data/images/0279_german_shorthaired_195.jpg,german_shorthaired_195.jpg
data/images/0280_scottish_terrier_157.jpg,scottish_terrier_157.jpg
data/images/0281_basset_hound_194.jpg,basset_hound_194.jpg
data/images/0282_beagle_57.jpg,beagle_57.jpg
data/images/0283_Ragdoll_124.jpg,Ragdoll_124.jpg
data/images/0284_Bombay_97.jpg,Bombay_97.jpg
data/images/0285_Abyssinian_45.jpg,Abyssinian_45.jpg
data/images/0286_Birman_191.jpg,Birman_191.jpg
data/images/0287_miniature_pinscher_110.jpg,miniature_pinscher_110.jpg
data/images/0288_Maine_Coon_19.jpg,Maine_Coon_19.jpg
data/images/0289_samoyed_170.jpg,samoyed_170.jpg
data/images/0290_British_Shorthair_187.jpg,British_Shorthair_187.jpg
data/images/0291_american_pit_bull_terrier_94.jpg,american_pit_bull_terrier_94.jpg
data/images/0292_miniature_pinscher_124.jpg,miniature_pinscher_124.jpg
data/images/0293_pug_172.jpg,pug_172.jpg
data/images/0294_Persian_196.jpg,Persian_196.jpg
data/images/0295_Egyptian_Mau_62.jpg,Egyptian_Mau_62.jpg
data/images/0296_japanese_chin_50.jpg,japanese_chin_50.jpg
data/images/0297_Russian_Blue_68.jpg,Russian_Blue_68.jpg
data/images/0298_keeshond_64.jpg,keeshond_64.jpg
data/images/0299_Bombay_56.jpg,Bombay_56.jpg
data/images/0300_Bombay_87.jpg,Bombay_87.jpg
data/images/0301_newfoundland_11.jpg,newfoundland_11.jpg
data/images/0302_leonberger_37.jpg,leonberger_37.jpg
data/images/0303_scottish_terrier_105.jpg,scottish_terrier_105.jpg
data/images/0304_Egyptian_Mau_63.jpg,Egyptian_Mau_63.jpg
data/images/0305_Egyptian_Mau_172.jpg,Egyptian_Mau_172.jpg
data/images/0306_american_pit_bull_terrier_148.jpg,american_pit_bull_terrier_148.jpg
data/images/0307_german_shorthaired_28.jpg,german_shorthaired_28.jpg
data/images/0308_shiba_inu_101.jpg,shiba_inu_101.jpg
data/images/0309_scottish_terrier_15.jpg,scottish_terrier_15.jpg
data/images/0310_beagle_191.jpg,beagle_191.jpg
data/images/0311_japanese_chin_46.jpg,japanese_chin_46.jpg
data/images/0312_english_cocker_spaniel_28.jpg,english_cocker_spaniel_28.jpg
data/images/0313_Russian_Blue_50.jpg,Russian_Blue_50.jpg
data/images/0314_boxer_183.jpg,boxer_183.jpg
data/images/0315_beagle_26.jpg,beagle_26.jpg
data/images/0316_boxer_130.jpg,boxer_130.jpg
data/images/0317_yorkshire_terrier_23.jpg,yorkshire_terrier_23.jpg
data/images/0318_Maine_Coon_91.jpg,Maine_Coon_91.jpg
data/images/0319_leonberger_9.jpg,leonberger_9.jpg
data/images/0320_Sphynx_2.jpg,Sphynx_2.jpg
data/images/0321_samoyed_176.jpg,samoyed_176.jpg
data/images/0322_scottish_terrier_59.jpg,scottish_terrier_59.jpg
data/images/0323_Siamese_128.jpg,Siamese_128.jpg
data/images/0324_basset_hound_198.jpg,basset_hound_198.jpg
data/images/0325_Persian_135.jpg,Persian_135.jpg
data/images/0326_saint_bernard_192.jpg,saint_bernard_192.jpg
data/images/0327_great_pyrenees_151.jpg,great_pyrenees_151.jpg
data/images/0328_Maine_Coon_249.jpg,Maine_Coon_249.jpg
data/images/0329_scottish_terrier_177.jpg,scottish_terrier_177.jpg
data/images/0330_Bombay_58.jpg,Bombay_58.jpg
data/images/0331_Bengal_33.jpg,Bengal_33.jpg
data/images/0332_japanese_chin_101.jpg,japanese_chin_101.jpg
data/images/0333_newfoundland_49.jpg,newfoundland_49.jpg
data/images/0334_Siamese_181.jpg,Siamese_181.jpg
data/images/0335_miniature_pinscher_55.jpg,miniature_pinscher_55.jpg
data/images/0336_shiba_inu_126.jpg,shiba_inu_126.jpg
data/images/0337_shiba_inu_55.jpg,shiba_inu_55.jpg
data/images/0338_german_shorthaired_78.jpg,german_shorthaired_78.jpg
data/images/0339_Birman_1.jpg,Birman_1.jpg
data/images/0340_yorkshire_terrier_61.jpg,yorkshire_terrier_61.jpg
data/images/0341_beagle_142.jpg,beagle_142.jpg
data/images/0342_Siamese_161.jpg,Siamese_161.jpg
data/images/0343_shiba_inu_119.jpg,shiba_inu_119.jpg
data/images/0344_basset_hound_34.jpg,basset_hound_34.jpg
data/images/0345_american_bulldog_137.jpg,american_bulldog_137.jpg
data/images/0346_miniature_pinscher_118.jpg,miniature_pinscher_118.jpg
data/images/0347_Bombay_39.jpg,Bombay_39.jpg
data/images/0348_japanese_chin_44.jpg,japanese_chin_44.jpg
data/images/0349_Abyssinian_197.jpg,Abyssinian_197.jpg
data/images/0350_havanese_135.jpg,havanese_135.jpg
data/images/0351_japanese_chin_60.jpg,japanese_chin_60.jpg
data/images/0352_Siamese_54.jpg,Siamese_54.jpg
data/images/0353_chihuahua_163.jpg,chihuahua_163.jpg
data/images/0354_miniature_pinscher_101.jpg,miniature_pinscher_101.jpg
data/images/0355_shiba_inu_85.jpg,shiba_inu_85.jpg
data/images/0356_yorkshire_terrier_155.jpg,yorkshire_terrier_155.jpg
data/images/0357_Ragdoll_88.jpg,Ragdoll_88.jpg
data/images/0358_shiba_inu_112.jpg,shiba_inu_112.jpg
data/images/0359_boxer_161.jpg,boxer_161.jpg
data/images/0360_Bengal_21.jpg,Bengal_21.jpg
data/images/0361_great_pyrenees_71.jpg,great_pyrenees_71.jpg
data/images/0362_yorkshire_terrier_192.jpg,yorkshire_terrier_192.jpg
data/images/0363_Sphynx_119.jpg,Sphynx_119.jpg
data/images/0364_Bombay_64.jpg,Bombay_64.jpg
data/images/0365_german_shorthaired_101.jpg,german_shorthaired_101.jpg
data/images/0366_Sphynx_182.jpg,Sphynx_182.jpg
data/images/0367_Russian_Blue_132.jpg,Russian_Blue_132.jpg
data/images/0368_samoyed_48.jpg,samoyed_48.jpg
data/images/0369_Sphynx_71.jpg,Sphynx_71.jpg
data/images/0370_leonberger_121.jpg,leonberger_121.jpg
data/images/0371_Persian_111.jpg,Persian_111.jpg
data/images/0372_pug_168.jpg,pug_168.jpg
data/images/0373_Ragdoll_151.jpg,Ragdoll_151.jpg
data/images/0374_english_cocker_spaniel_157.jpg,english_cocker_spaniel_157.jpg
data/images/0375_german_shorthaired_74.jpg,german_shorthaired_74.jpg
data/images/0376_boxer_104.jpg,boxer_104.jpg
data/images/0377_pug_135.jpg,pug_135.jpg
data/images/0378_pomeranian_125.jpg,pomeranian_125.jpg
data/images/0379_boxer_76.jpg,boxer_76.jpg
data/images/0380_yorkshire_terrier_49.jpg,yorkshire_terrier_49.jpg
data/images/0381_chihuahua_46.jpg,chihuahua_46.jpg
data/images/0382_staffordshire_bull_terrier_186.jpg,staffordshire_bull_terrier_186.jpg
data/images/0383_Siamese_154.jpg,Siamese_154.jpg
data/images/0384_Maine_Coon_141.jpg,Maine_Coon_141.jpg
data/images/0385_yorkshire_terrier_129.jpg,yorkshire_terrier_129.jpg
data/images/0386_Abyssinian_207.jpg,Abyssinian_207.jpg
data/images/0387_Egyptian_Mau_39.jpg,Egyptian_Mau_39.jpg
data/images/0388_samoyed_133.jpg,samoyed_133.jpg
data/images/0389_great_pyrenees_45.jpg,great_pyrenees_45.jpg
data/images/0390_Abyssinian_70.jpg,Abyssinian_70.jpg
data/images/0391_Siamese_114.jpg,Siamese_114.jpg
data/images/0392_pomeranian_3.jpg,pomeranian_3.jpg
data/images/0393_newfoundland_53.jpg,newfoundland_53.jpg
data/images/0394_Persian_200.jpg,Persian_200.jpg
data/images/0395_basset_hound_101.jpg,basset_hound_101.jpg
data/images/0396_Bombay_122.jpg,Bombay_122.jpg
data/images/0397_Birman_91.jpg,Birman_91.jpg
data/images/0398_Bengal_172.jpg,Bengal_172.jpg
data/images/0399_wheaten_terrier_152.jpg,wheaten_terrier_152.jpg
data/images/0400_Egyptian_Mau_120.jpg,Egyptian_Mau_120.jpg
data/images/0401_leonberger_123.jpg,leonberger_123.jpg
data/images/0402_beagle_141.jpg,beagle_141.jpg
data/images/0403_chihuahua_170.jpg,chihuahua_170.jpg
data/images/0404_leonberger_124.jpg,leonberger_124.jpg
data/images/0405_Sphynx_15.jpg,Sphynx_15.jpg
data/images/0406_Ragdoll_47.jpg,Ragdoll_47.jpg
data/images/0407_havanese_3.jpg,havanese_3.jpg
data/images/0408_boxer_12.jpg,boxer_12.jpg
data/images/0409_miniature_pinscher_52.jpg,miniature_pinscher_52.jpg
data/images/0410_havanese_82.jpg,havanese_82.jpg
data/images/0411_shiba_inu_45.jpg,shiba_inu_45.jpg
data/images/0412_Bengal_129.jpg,Bengal_129.jpg
data/images/0413_beagle_44.jpg,beagle_44.jpg
data/images/0414_japanese_chin_92.jpg,japanese_chin_92.jpg
data/images/0415_english_setter_23.jpg,english_setter_23.jpg
data/images/0416_Bengal_184.jpg,Bengal_184.jpg
data/images/0417_Siamese_127.jpg,Siamese_127.jpg
data/images/0418_leonberger_199.jpg,leonberger_199.jpg
data/images/0419_yorkshire_terrier_122.jpg,yorkshire_terrier_122.jpg
data/images/0420_pug_122.jpg,pug_122.jpg
data/images/0421_Egyptian_Mau_132.jpg,Egyptian_Mau_132.jpg
data/images/0422_pomeranian_105.jpg,pomeranian_105.jpg
data/images/0423_yorkshire_terrier_58.jpg,yorkshire_terrier_58.jpg
data/images/0424_Russian_Blue_78.jpg,Russian_Blue_78.jpg
data/images/0425_wheaten_terrier_181.jpg,wheaten_terrier_181.jpg
data/images/0426_Bengal_110.jpg,Bengal_110.jpg
data/images/0427_Egyptian_Mau_89.jpg,Egyptian_Mau_89.jpg
data/images/0428_Birman_19.jpg,Birman_19.jpg
data/images/0429_keeshond_52.jpg,keeshond_52.jpg
data/images/0430_saint_bernard_83.jpg,saint_bernard_83.jpg
data/images/0431_Abyssinian_54.jpg,Abyssinian_54.jpg
data/images/0432_wheaten_terrier_43.jpg,wheaten_terrier_43.jpg
data/images/0433_miniature_pinscher_167.jpg,miniature_pinscher_167.jpg
data/images/0434_Siamese_64.jpg,Siamese_64.jpg
data/images/0435_boxer_73.jpg,boxer_73.jpg
data/images/0436_leonberger_134.jpg,leonberger_134.jpg
data/images/0437_Persian_188.jpg,Persian_188.jpg
data/images/0438_miniature_pinscher_45.jpg,miniature_pinscher_45.jpg
data/images/0439_pug_45.jpg,pug_45.jpg
data/images/0440_pomeranian_198.jpg,pomeranian_198.jpg
data/images/0441_havanese_67.jpg,havanese_67.jpg
data/images/0442_chihuahua_113.jpg,chihuahua_113.jpg
data/images/0443_Russian_Blue_91.jpg,Russian_Blue_91.jpg
data/images/0444_saint_bernard_169.jpg,saint_bernard_169.jpg
data/images/0445_japanese_chin_119.jpg,japanese_chin_119.jpg
data/images/0446_Russian_Blue_107.jpg,Russian_Blue_107.jpg
data/images/0447_pomeranian_63.jpg,pomeranian_63.jpg
data/images/0448_Siamese_188.jpg,Siamese_188.jpg
data/images/0449_Bengal_28.jpg,Bengal_28.jpg
data/images/0450_shiba_inu_50.jpg,shiba_inu_50.jpg
data/images/0451_basset_hound_53.jpg,basset_hound_53.jpg
data/images/0452_basset_hound_133.jpg,basset_hound_133.jpg
data/images/0453_miniature_pinscher_28.jpg,miniature_pinscher_28.jpg
data/images/0454_boxer_34.jpg,boxer_34.jpg
data/images/0455_shiba_inu_3.jpg,shiba_inu_3.jpg
data/images/0456_great_pyrenees_191.jpg,great_pyrenees_191.jpg
data/images/0457_havanese_88.jpg,havanese_88.jpg
data/images/0458_yorkshire_terrier_190.jpg,yorkshire_terrier_190.jpg
data/images/0459_British_Shorthair_160.jpg,British_Shorthair_160.jpg
data/images/0460_english_cocker_spaniel_32.jpg,english_cocker_spaniel_32.jpg
data/images/0461_saint_bernard_96.jpg,saint_bernard_96.jpg
data/images/0462_Sphynx_94.jpg,Sphynx_94.jpg
data/images/0463_pug_62.jpg,pug_62.jpg
data/images/0464_Siamese_32.jpg,Siamese_32.jpg
data/images/0465_staffordshire_bull_terrier_125.jpg,staffordshire_bull_terrier_125.jpg
data/images/0466_english_cocker_spaniel_179.jpg,english_cocker_spaniel_179.jpg
data/images/0467_samoyed_7.jpg,samoyed_7.jpg
data/images/0468_pomeranian_55.jpg,pomeranian_55.jpg
data/images/0469_boxer_107.jpg,boxer_107.jpg
data/images/0470_basset_hound_36.jpg,basset_hound_36.jpg
data/images/0471_Siamese_29.jpg,Siamese_29.jpg
data/images/0472_Bengal_17.jpg,Bengal_17.jpg
data/images/0473_Sphynx_179.jpg,Sphynx_179.jpg
data/images/0474_basset_hound_185.jpg,basset_hound_185.jpg
data/images/0475_scottish_terrier_27.jpg,scottish_terrier_27.jpg
data/images/0476_Bengal_13.jpg,Bengal_13.jpg
data/images/0477_american_bulldog_208.jpg,american_bulldog_208.jpg
data/images/0478_leonberger_90.jpg,leonberger_90.jpg
data/images/0479_leonberger_33.jpg,leonberger_33.jpg
